image_id,input_path,target_path
0002be68-04ec-442b-9d26-418d9c229b33_g0,automatic-lens-correction\lens-correction-train-cleaned\0002be68-04ec-442b-9d26-418d9c229b33_g0_original.jpg,automatic-lens-correction\lens-correction-train-cleaned\0002be68-04ec-442b-9d26-418d9c229b33_g0_generated.jpg
0002be68-04ec-442b-9d26-418d9c229b33_g13,automatic-lens-correction\lens-correction-train-cleaned\0002be68-04ec-442b-9d26-418d9c229b33_g13_original.jpg,automatic-lens-correction\lens-correction-train-cleaned\0002be68-04ec-442b-9d26-418d9c229b33_g13_generated.jpg
0002be68-04ec-442b-9d26-418d9c229b33_g8,automatic-lens-correction\lens-correction-train-cleaned\0002be68-04ec-442b-9d26-418d9c229b33_g8_original.jpg,automatic-lens-correction\lens-correction-train-cleaned\0002be68-04ec-442b-9d26-418d9c229b33_g8_generated.jpg
0002be68-04ec-442b-9d26-418d9c229b33_g9,automatic-lens-correction\lens-correction-train-cleaned\0002be68-04ec-442b-9d26-418d9c229b33_g9_original.jpg,automatic-lens-correction\lens-correction-train-cleaned\0002be68-04ec-442b-9d26-418d9c229b33_g9_generated.jpg
00480c6b-6232-4205-a25c-9dff34ac6337_g5,automatic-lens-correction\lens-correction-train-cleaned\00480c6b-6232-4205-a25c-9dff34ac6337_g5_original.jpg,automatic-lens-correction\lens-correction-train-cleaned\00480c6b-6232-4205-a25c-9dff34ac6337_g5_generated.jpg
00480c6b-6232-4205-a25c-9dff34ac6337_g9,automatic-lens-correction\lens-correction-train-cleaned\00480c6b-6232-4205-a25c-9dff34ac6337_g9_original.jpg,automatic-lens-correction\lens-correction-train-cleaned\00480c6b-6232-4205-a25c-9dff34ac6337_g9_generated.jpg
004c8332-10e1-4b52-80fb-3e4f3c8b27d6_g5,automatic-lens-correction\lens-correction-train-cleaned\004c8332-10e1-4b52-80fb-3e4f3c8b27d6_g5_original.jpg,automatic-lens-correction\lens-correction-train-cleaned\004c8332-10e1-4b52-80fb-3e4f3c8b27d6_g5_generated.jpg
0053c48d-8c01-454e-b68e-ec68d551c70c_g9,automatic-lens-correction\lens-correction-train-cleaned\0053c48d-8c01-454e-b68e-ec68d551c70c_g9_original.jpg,automatic-lens-correction\lens-correction-train-cleaned\0053c48d-8c01-454e-b68e-ec68d551c70c_g9_generated.jpg
0059090b-ec8b-416a-9497-d86447722ff0_g0,automatic-lens-correction\lens-correction-train-cleaned\0059090b-ec8b-416a-9497-d86447722ff0_g0_original.jpg,automatic-lens-correction\lens-correction-train-cleaned\0059090b-ec8b-416a-9497-d86447722ff0_g0_generated.jpg
005d2d22-0430-41eb-b750-ced7e437bb01_g5,automatic-lens-correction\lens-correction-train-cleaned\005d2d22-0430-41eb-b750-ced7e437bb01_g5_original.jpg,automatic-lens-correction\lens-correction-train-cleaned\005d2d22-0430-41eb-b750-ced7e437bb01_g5_generated.jpg
005dc963-7dc7-4ae4-8623-be865c9954a2_g1,automatic-lens-correction\lens-correction-train-cleaned\005dc963-7dc7-4ae4-8623-be865c9954a2_g1_original.jpg,automatic-lens-correction\lens-correction-train-cleaned\005dc963-7dc7-4ae4-8623-be865c9954a2_g1_generated.jpg
007105f3-cb35-42eb-9f77-2d8781d0a9c8_g15,automatic-lens-correction\lens-correction-train-cleaned\007105f3-cb35-42eb-9f77-2d8781d0a9c8_g15_original.jpg,automatic-lens-correction\lens-correction-train-cleaned\007105f3-cb35-42eb-9f77-2d8781d0a9c8_g15_generated.jpg
0077cdbd-7265-4202-88d1-cd158f88fab5_g0,automatic-lens-correction\lens-correction-train-cleaned\0077cdbd-7265-4202-88d1-cd158f88fab5_g0_original.jpg,automatic-lens-correction\lens-correction-train-cleaned\0077cdbd-7265-4202-88d1-cd158f88fab5_g0_generated.jpg
0077cdbd-7265-4202-88d1-cd158f88fab5_g1,automatic-lens-correction\lens-correction-train-cleaned\0077cdbd-7265-4202-88d1-cd158f88fab5_g1_original.jpg,automatic-lens-correction\lens-correction-train-cleaned\0077cdbd-7265-4202-88d1-cd158f88fab5_g1_generated.jpg
0077cdbd-7265-4202-88d1-cd158f88fab5_g11,automatic-lens-correction\lens-correction-train-cleaned\0077cdbd-7265-4202-88d1-cd158f88fab5_g11_original.jpg,automatic-lens-correction\lens-correction-train-cleaned\0077cdbd-7265-4202-88d1-cd158f88fab5_g11_generated.jpg
00a53703-fafc-4b3e-90f3-5ca7824115c9_g15,automatic-lens-correction\lens-correction-train-cleaned\00a53703-fafc-4b3e-90f3-5ca7824115c9_g15_original.jpg,automatic-lens-correction\lens-correction-train-cleaned\00a53703-fafc-4b3e-90f3-5ca7824115c9_g15_generated.jpg
00a53703-fafc-4b3e-90f3-5ca7824115c9_g16,automatic-lens-correction\lens-correction-train-cleaned\00a53703-fafc-4b3e-90f3-5ca7824115c9_g16_original.jpg,automatic-lens-correction\lens-correction-train-cleaned\00a53703-fafc-4b3e-90f3-5ca7824115c9_g16_generated.jpg
00bc3b6c-c3be-44e0-977f-f649ab165f01_g19,automatic-lens-correction\lens-correction-train-cleaned\00bc3b6c-c3be-44e0-977f-f649ab165f01_g19_original.jpg,automatic-lens-correction\lens-correction-train-cleaned\00bc3b6c-c3be-44e0-977f-f649ab165f01_g19_generated.jpg
010d5c1c-548a-4c66-bf6b-171f4f2262a3_g4,automatic-lens-correction\lens-correction-train-cleaned\010d5c1c-548a-4c66-bf6b-171f4f2262a3_g4_original.jpg,automatic-lens-correction\lens-correction-train-cleaned\010d5c1c-548a-4c66-bf6b-171f4f2262a3_g4_generated.jpg
010d5c1c-548a-4c66-bf6b-171f4f2262a3_g5,automatic-lens-correction\lens-correction-train-cleaned\010d5c1c-548a-4c66-bf6b-171f4f2262a3_g5_original.jpg,automatic-lens-correction\lens-correction-train-cleaned\010d5c1c-548a-4c66-bf6b-171f4f2262a3_g5_generated.jpg
010d5c1c-548a-4c66-bf6b-171f4f2262a3_g7,automatic-lens-correction\lens-correction-train-cleaned\010d5c1c-548a-4c66-bf6b-171f4f2262a3_g7_original.jpg,automatic-lens-correction\lens-correction-train-cleaned\010d5c1c-548a-4c66-bf6b-171f4f2262a3_g7_generated.jpg
010d5c1c-548a-4c66-bf6b-171f4f2262a3_g8,automatic-lens-correction\lens-correction-train-cleaned\010d5c1c-548a-4c66-bf6b-171f4f2262a3_g8_original.jpg,automatic-lens-correction\lens-correction-train-cleaned\010d5c1c-548a-4c66-bf6b-171f4f2262a3_g8_generated.jpg
010d5c1c-548a-4c66-bf6b-171f4f2262a3_g9,automatic-lens-correction\lens-correction-train-cleaned\010d5c1c-548a-4c66-bf6b-171f4f2262a3_g9_original.jpg,automatic-lens-correction\lens-correction-train-cleaned\010d5c1c-548a-4c66-bf6b-171f4f2262a3_g9_generated.jpg
01148a4ea6b4b2de8fdbb032685b9eceb5148b6f6e_g1,automatic-lens-correction\lens-correction-train-cleaned\01148a4ea6b4b2de8fdbb032685b9eceb5148b6f6e_g1_original.jpg,automatic-lens-correction\lens-correction-train-cleaned\01148a4ea6b4b2de8fdbb032685b9eceb5148b6f6e_g1_generated.jpg
011d2910-88ef-4d75-927a-a54d715d5c5e_g1,automatic-lens-correction\lens-correction-train-cleaned\011d2910-88ef-4d75-927a-a54d715d5c5e_g1_original.jpg,automatic-lens-correction\lens-correction-train-cleaned\011d2910-88ef-4d75-927a-a54d715d5c5e_g1_generated.jpg
011d2910-88ef-4d75-927a-a54d715d5c5e_g10,automatic-lens-correction\lens-correction-train-cleaned\011d2910-88ef-4d75-927a-a54d715d5c5e_g10_original.jpg,automatic-lens-correction\lens-correction-train-cleaned\011d2910-88ef-4d75-927a-a54d715d5c5e_g10_generated.jpg
011d2910-88ef-4d75-927a-a54d715d5c5e_g11,automatic-lens-correction\lens-correction-train-cleaned\011d2910-88ef-4d75-927a-a54d715d5c5e_g11_original.jpg,automatic-lens-correction\lens-correction-train-cleaned\011d2910-88ef-4d75-927a-a54d715d5c5e_g11_generated.jpg
011d2910-88ef-4d75-927a-a54d715d5c5e_g12,automatic-lens-correction\lens-correction-train-cleaned\011d2910-88ef-4d75-927a-a54d715d5c5e_g12_original.jpg,automatic-lens-correction\lens-correction-train-cleaned\011d2910-88ef-4d75-927a-a54d715d5c5e_g12_generated.jpg
011d2910-88ef-4d75-927a-a54d715d5c5e_g13,automatic-lens-correction\lens-correction-train-cleaned\011d2910-88ef-4d75-927a-a54d715d5c5e_g13_original.jpg,automatic-lens-correction\lens-correction-train-cleaned\011d2910-88ef-4d75-927a-a54d715d5c5e_g13_generated.jpg
011d2910-88ef-4d75-927a-a54d715d5c5e_g17,automatic-lens-correction\lens-correction-train-cleaned\011d2910-88ef-4d75-927a-a54d715d5c5e_g17_original.jpg,automatic-lens-correction\lens-correction-train-cleaned\011d2910-88ef-4d75-927a-a54d715d5c5e_g17_generated.jpg
011d2910-88ef-4d75-927a-a54d715d5c5e_g18,automatic-lens-correction\lens-correction-train-cleaned\011d2910-88ef-4d75-927a-a54d715d5c5e_g18_original.jpg,automatic-lens-correction\lens-correction-train-cleaned\011d2910-88ef-4d75-927a-a54d715d5c5e_g18_generated.jpg
011d2910-88ef-4d75-927a-a54d715d5c5e_g19,automatic-lens-correction\lens-correction-train-cleaned\011d2910-88ef-4d75-927a-a54d715d5c5e_g19_original.jpg,automatic-lens-correction\lens-correction-train-cleaned\011d2910-88ef-4d75-927a-a54d715d5c5e_g19_generated.jpg
011d2910-88ef-4d75-927a-a54d715d5c5e_g4,automatic-lens-correction\lens-correction-train-cleaned\011d2910-88ef-4d75-927a-a54d715d5c5e_g4_original.jpg,automatic-lens-correction\lens-correction-train-cleaned\011d2910-88ef-4d75-927a-a54d715d5c5e_g4_generated.jpg
011d2910-88ef-4d75-927a-a54d715d5c5e_g5,automatic-lens-correction\lens-correction-train-cleaned\011d2910-88ef-4d75-927a-a54d715d5c5e_g5_original.jpg,automatic-lens-correction\lens-correction-train-cleaned\011d2910-88ef-4d75-927a-a54d715d5c5e_g5_generated.jpg
011d2910-88ef-4d75-927a-a54d715d5c5e_g7,automatic-lens-correction\lens-correction-train-cleaned\011d2910-88ef-4d75-927a-a54d715d5c5e_g7_original.jpg,automatic-lens-correction\lens-correction-train-cleaned\011d2910-88ef-4d75-927a-a54d715d5c5e_g7_generated.jpg
011d2910-88ef-4d75-927a-a54d715d5c5e_g9,automatic-lens-correction\lens-correction-train-cleaned\011d2910-88ef-4d75-927a-a54d715d5c5e_g9_original.jpg,automatic-lens-correction\lens-correction-train-cleaned\011d2910-88ef-4d75-927a-a54d715d5c5e_g9_generated.jpg
012439ca-95f3-423a-81af-e57ac9e3c533_g4,automatic-lens-correction\lens-correction-train-cleaned\012439ca-95f3-423a-81af-e57ac9e3c533_g4_original.jpg,automatic-lens-correction\lens-correction-train-cleaned\012439ca-95f3-423a-81af-e57ac9e3c533_g4_generated.jpg
012e2e5c-81ae-4224-9432-b2abad4124ac_g7,automatic-lens-correction\lens-correction-train-cleaned\012e2e5c-81ae-4224-9432-b2abad4124ac_g7_original.jpg,automatic-lens-correction\lens-correction-train-cleaned\012e2e5c-81ae-4224-9432-b2abad4124ac_g7_generated.jpg
014d8e91-3ddf-4621-a9ee-dfe4a6e9da6a_g16,automatic-lens-correction\lens-correction-train-cleaned\014d8e91-3ddf-4621-a9ee-dfe4a6e9da6a_g16_original.jpg,automatic-lens-correction\lens-correction-train-cleaned\014d8e91-3ddf-4621-a9ee-dfe4a6e9da6a_g16_generated.jpg
014d8e91-3ddf-4621-a9ee-dfe4a6e9da6a_g19,automatic-lens-correction\lens-correction-train-cleaned\014d8e91-3ddf-4621-a9ee-dfe4a6e9da6a_g19_original.jpg,automatic-lens-correction\lens-correction-train-cleaned\014d8e91-3ddf-4621-a9ee-dfe4a6e9da6a_g19_generated.jpg
014d8e91-3ddf-4621-a9ee-dfe4a6e9da6a_g2,automatic-lens-correction\lens-correction-train-cleaned\014d8e91-3ddf-4621-a9ee-dfe4a6e9da6a_g2_original.jpg,automatic-lens-correction\lens-correction-train-cleaned\014d8e91-3ddf-4621-a9ee-dfe4a6e9da6a_g2_generated.jpg
0176bdbb-72ce-4550-aa18-365e938d08e3_g0,automatic-lens-correction\lens-correction-train-cleaned\0176bdbb-72ce-4550-aa18-365e938d08e3_g0_original.jpg,automatic-lens-correction\lens-correction-train-cleaned\0176bdbb-72ce-4550-aa18-365e938d08e3_g0_generated.jpg
0176bdbb-72ce-4550-aa18-365e938d08e3_g1,automatic-lens-correction\lens-correction-train-cleaned\0176bdbb-72ce-4550-aa18-365e938d08e3_g1_original.jpg,automatic-lens-correction\lens-correction-train-cleaned\0176bdbb-72ce-4550-aa18-365e938d08e3_g1_generated.jpg
0176bdbb-72ce-4550-aa18-365e938d08e3_g2,automatic-lens-correction\lens-correction-train-cleaned\0176bdbb-72ce-4550-aa18-365e938d08e3_g2_original.jpg,automatic-lens-correction\lens-correction-train-cleaned\0176bdbb-72ce-4550-aa18-365e938d08e3_g2_generated.jpg
0183859f-2d42-4086-8907-ed10ebeda599_g2,automatic-lens-correction\lens-correction-train-cleaned\0183859f-2d42-4086-8907-ed10ebeda599_g2_original.jpg,automatic-lens-correction\lens-correction-train-cleaned\0183859f-2d42-4086-8907-ed10ebeda599_g2_generated.jpg
0183859f-2d42-4086-8907-ed10ebeda599_g7,automatic-lens-correction\lens-correction-train-cleaned\0183859f-2d42-4086-8907-ed10ebeda599_g7_original.jpg,automatic-lens-correction\lens-correction-train-cleaned\0183859f-2d42-4086-8907-ed10ebeda599_g7_generated.jpg
01db585a-f837-4b21-81bb-62b66140afe8_g12,automatic-lens-correction\lens-correction-train-cleaned\01db585a-f837-4b21-81bb-62b66140afe8_g12_original.jpg,automatic-lens-correction\lens-correction-train-cleaned\01db585a-f837-4b21-81bb-62b66140afe8_g12_generated.jpg
01db585a-f837-4b21-81bb-62b66140afe8_g14,automatic-lens-correction\lens-correction-train-cleaned\01db585a-f837-4b21-81bb-62b66140afe8_g14_original.jpg,automatic-lens-correction\lens-correction-train-cleaned\01db585a-f837-4b21-81bb-62b66140afe8_g14_generated.jpg
01db585a-f837-4b21-81bb-62b66140afe8_g15,automatic-lens-correction\lens-correction-train-cleaned\01db585a-f837-4b21-81bb-62b66140afe8_g15_original.jpg,automatic-lens-correction\lens-correction-train-cleaned\01db585a-f837-4b21-81bb-62b66140afe8_g15_generated.jpg
01db585a-f837-4b21-81bb-62b66140afe8_g17,automatic-lens-correction\lens-correction-train-cleaned\01db585a-f837-4b21-81bb-62b66140afe8_g17_original.jpg,automatic-lens-correction\lens-correction-train-cleaned\01db585a-f837-4b21-81bb-62b66140afe8_g17_generated.jpg
01db585a-f837-4b21-81bb-62b66140afe8_g7,automatic-lens-correction\lens-correction-train-cleaned\01db585a-f837-4b21-81bb-62b66140afe8_g7_original.jpg,automatic-lens-correction\lens-correction-train-cleaned\01db585a-f837-4b21-81bb-62b66140afe8_g7_generated.jpg
01db8fd7-30e2-4814-9eed-a6b1305682f6_g19,automatic-lens-correction\lens-correction-train-cleaned\01db8fd7-30e2-4814-9eed-a6b1305682f6_g19_original.jpg,automatic-lens-correction\lens-correction-train-cleaned\01db8fd7-30e2-4814-9eed-a6b1305682f6_g19_generated.jpg
01db8fd7-30e2-4814-9eed-a6b1305682f6_g2,automatic-lens-correction\lens-correction-train-cleaned\01db8fd7-30e2-4814-9eed-a6b1305682f6_g2_original.jpg,automatic-lens-correction\lens-correction-train-cleaned\01db8fd7-30e2-4814-9eed-a6b1305682f6_g2_generated.jpg
01db8fd7-30e2-4814-9eed-a6b1305682f6_g3,automatic-lens-correction\lens-correction-train-cleaned\01db8fd7-30e2-4814-9eed-a6b1305682f6_g3_original.jpg,automatic-lens-correction\lens-correction-train-cleaned\01db8fd7-30e2-4814-9eed-a6b1305682f6_g3_generated.jpg
01db8fd7-30e2-4814-9eed-a6b1305682f6_g4,automatic-lens-correction\lens-correction-train-cleaned\01db8fd7-30e2-4814-9eed-a6b1305682f6_g4_original.jpg,automatic-lens-correction\lens-correction-train-cleaned\01db8fd7-30e2-4814-9eed-a6b1305682f6_g4_generated.jpg
02c15d06-5492-4721-b210-b1b5e746bfb2_g0,automatic-lens-correction\lens-correction-train-cleaned\02c15d06-5492-4721-b210-b1b5e746bfb2_g0_original.jpg,automatic-lens-correction\lens-correction-train-cleaned\02c15d06-5492-4721-b210-b1b5e746bfb2_g0_generated.jpg
02c15d06-5492-4721-b210-b1b5e746bfb2_g10,automatic-lens-correction\lens-correction-train-cleaned\02c15d06-5492-4721-b210-b1b5e746bfb2_g10_original.jpg,automatic-lens-correction\lens-correction-train-cleaned\02c15d06-5492-4721-b210-b1b5e746bfb2_g10_generated.jpg
02c15d06-5492-4721-b210-b1b5e746bfb2_g11,automatic-lens-correction\lens-correction-train-cleaned\02c15d06-5492-4721-b210-b1b5e746bfb2_g11_original.jpg,automatic-lens-correction\lens-correction-train-cleaned\02c15d06-5492-4721-b210-b1b5e746bfb2_g11_generated.jpg
02c15d06-5492-4721-b210-b1b5e746bfb2_g12,automatic-lens-correction\lens-correction-train-cleaned\02c15d06-5492-4721-b210-b1b5e746bfb2_g12_original.jpg,automatic-lens-correction\lens-correction-train-cleaned\02c15d06-5492-4721-b210-b1b5e746bfb2_g12_generated.jpg
02c15d06-5492-4721-b210-b1b5e746bfb2_g13,automatic-lens-correction\lens-correction-train-cleaned\02c15d06-5492-4721-b210-b1b5e746bfb2_g13_original.jpg,automatic-lens-correction\lens-correction-train-cleaned\02c15d06-5492-4721-b210-b1b5e746bfb2_g13_generated.jpg
02c15d06-5492-4721-b210-b1b5e746bfb2_g14,automatic-lens-correction\lens-correction-train-cleaned\02c15d06-5492-4721-b210-b1b5e746bfb2_g14_original.jpg,automatic-lens-correction\lens-correction-train-cleaned\02c15d06-5492-4721-b210-b1b5e746bfb2_g14_generated.jpg
02c15d06-5492-4721-b210-b1b5e746bfb2_g15,automatic-lens-correction\lens-correction-train-cleaned\02c15d06-5492-4721-b210-b1b5e746bfb2_g15_original.jpg,automatic-lens-correction\lens-correction-train-cleaned\02c15d06-5492-4721-b210-b1b5e746bfb2_g15_generated.jpg
02c15d06-5492-4721-b210-b1b5e746bfb2_g16,automatic-lens-correction\lens-correction-train-cleaned\02c15d06-5492-4721-b210-b1b5e746bfb2_g16_original.jpg,automatic-lens-correction\lens-correction-train-cleaned\02c15d06-5492-4721-b210-b1b5e746bfb2_g16_generated.jpg
02c15d06-5492-4721-b210-b1b5e746bfb2_g2,automatic-lens-correction\lens-correction-train-cleaned\02c15d06-5492-4721-b210-b1b5e746bfb2_g2_original.jpg,automatic-lens-correction\lens-correction-train-cleaned\02c15d06-5492-4721-b210-b1b5e746bfb2_g2_generated.jpg
02c15d06-5492-4721-b210-b1b5e746bfb2_g3,automatic-lens-correction\lens-correction-train-cleaned\02c15d06-5492-4721-b210-b1b5e746bfb2_g3_original.jpg,automatic-lens-correction\lens-correction-train-cleaned\02c15d06-5492-4721-b210-b1b5e746bfb2_g3_generated.jpg
02c15d06-5492-4721-b210-b1b5e746bfb2_g6,automatic-lens-correction\lens-correction-train-cleaned\02c15d06-5492-4721-b210-b1b5e746bfb2_g6_original.jpg,automatic-lens-correction\lens-correction-train-cleaned\02c15d06-5492-4721-b210-b1b5e746bfb2_g6_generated.jpg
02c15d06-5492-4721-b210-b1b5e746bfb2_g7,automatic-lens-correction\lens-correction-train-cleaned\02c15d06-5492-4721-b210-b1b5e746bfb2_g7_original.jpg,automatic-lens-correction\lens-correction-train-cleaned\02c15d06-5492-4721-b210-b1b5e746bfb2_g7_generated.jpg
02c15d06-5492-4721-b210-b1b5e746bfb2_g9,automatic-lens-correction\lens-correction-train-cleaned\02c15d06-5492-4721-b210-b1b5e746bfb2_g9_original.jpg,automatic-lens-correction\lens-correction-train-cleaned\02c15d06-5492-4721-b210-b1b5e746bfb2_g9_generated.jpg
02c6395b-8d92-48c6-a73e-da1834014c74_g0,automatic-lens-correction\lens-correction-train-cleaned\02c6395b-8d92-48c6-a73e-da1834014c74_g0_original.jpg,automatic-lens-correction\lens-correction-train-cleaned\02c6395b-8d92-48c6-a73e-da1834014c74_g0_generated.jpg
02c6395b-8d92-48c6-a73e-da1834014c74_g1,automatic-lens-correction\lens-correction-train-cleaned\02c6395b-8d92-48c6-a73e-da1834014c74_g1_original.jpg,automatic-lens-correction\lens-correction-train-cleaned\02c6395b-8d92-48c6-a73e-da1834014c74_g1_generated.jpg
02c6395b-8d92-48c6-a73e-da1834014c74_g10,automatic-lens-correction\lens-correction-train-cleaned\02c6395b-8d92-48c6-a73e-da1834014c74_g10_original.jpg,automatic-lens-correction\lens-correction-train-cleaned\02c6395b-8d92-48c6-a73e-da1834014c74_g10_generated.jpg
02c6395b-8d92-48c6-a73e-da1834014c74_g11,automatic-lens-correction\lens-correction-train-cleaned\02c6395b-8d92-48c6-a73e-da1834014c74_g11_original.jpg,automatic-lens-correction\lens-correction-train-cleaned\02c6395b-8d92-48c6-a73e-da1834014c74_g11_generated.jpg
02c6395b-8d92-48c6-a73e-da1834014c74_g13,automatic-lens-correction\lens-correction-train-cleaned\02c6395b-8d92-48c6-a73e-da1834014c74_g13_original.jpg,automatic-lens-correction\lens-correction-train-cleaned\02c6395b-8d92-48c6-a73e-da1834014c74_g13_generated.jpg
03116770aeffde4c669358c77dc47bd5116c84965f_g6,automatic-lens-correction\lens-correction-train-cleaned\03116770aeffde4c669358c77dc47bd5116c84965f_g6_original.jpg,automatic-lens-correction\lens-correction-train-cleaned\03116770aeffde4c669358c77dc47bd5116c84965f_g6_generated.jpg
033ea8dc-6869-44cf-b7ac-984c49d53a9c_g2,automatic-lens-correction\lens-correction-train-cleaned\033ea8dc-6869-44cf-b7ac-984c49d53a9c_g2_original.jpg,automatic-lens-correction\lens-correction-train-cleaned\033ea8dc-6869-44cf-b7ac-984c49d53a9c_g2_generated.jpg
033ea8dc-6869-44cf-b7ac-984c49d53a9c_g3,automatic-lens-correction\lens-correction-train-cleaned\033ea8dc-6869-44cf-b7ac-984c49d53a9c_g3_original.jpg,automatic-lens-correction\lens-correction-train-cleaned\033ea8dc-6869-44cf-b7ac-984c49d53a9c_g3_generated.jpg
033ea8dc-6869-44cf-b7ac-984c49d53a9c_g4,automatic-lens-correction\lens-correction-train-cleaned\033ea8dc-6869-44cf-b7ac-984c49d53a9c_g4_original.jpg,automatic-lens-correction\lens-correction-train-cleaned\033ea8dc-6869-44cf-b7ac-984c49d53a9c_g4_generated.jpg
03a5f36b-834b-4a67-a427-cb19d1ccec25_g2,automatic-lens-correction\lens-correction-train-cleaned\03a5f36b-834b-4a67-a427-cb19d1ccec25_g2_original.jpg,automatic-lens-correction\lens-correction-train-cleaned\03a5f36b-834b-4a67-a427-cb19d1ccec25_g2_generated.jpg
03a5f36b-834b-4a67-a427-cb19d1ccec25_g5,automatic-lens-correction\lens-correction-train-cleaned\03a5f36b-834b-4a67-a427-cb19d1ccec25_g5_original.jpg,automatic-lens-correction\lens-correction-train-cleaned\03a5f36b-834b-4a67-a427-cb19d1ccec25_g5_generated.jpg
03a5f36b-834b-4a67-a427-cb19d1ccec25_g8,automatic-lens-correction\lens-correction-train-cleaned\03a5f36b-834b-4a67-a427-cb19d1ccec25_g8_original.jpg,automatic-lens-correction\lens-correction-train-cleaned\03a5f36b-834b-4a67-a427-cb19d1ccec25_g8_generated.jpg
03a5f36b-834b-4a67-a427-cb19d1ccec25_g9,automatic-lens-correction\lens-correction-train-cleaned\03a5f36b-834b-4a67-a427-cb19d1ccec25_g9_original.jpg,automatic-lens-correction\lens-correction-train-cleaned\03a5f36b-834b-4a67-a427-cb19d1ccec25_g9_generated.jpg
03aa5d24-7203-4d33-938c-22b56e978ac8_g10,automatic-lens-correction\lens-correction-train-cleaned\03aa5d24-7203-4d33-938c-22b56e978ac8_g10_original.jpg,automatic-lens-correction\lens-correction-train-cleaned\03aa5d24-7203-4d33-938c-22b56e978ac8_g10_generated.jpg
03b9540a-9d68-4436-897e-8757eea7137d_g17,automatic-lens-correction\lens-correction-train-cleaned\03b9540a-9d68-4436-897e-8757eea7137d_g17_original.jpg,automatic-lens-correction\lens-correction-train-cleaned\03b9540a-9d68-4436-897e-8757eea7137d_g17_generated.jpg
04043f54-d692-45a8-aeb0-e8986a5428f2_g12,automatic-lens-correction\lens-correction-train-cleaned\04043f54-d692-45a8-aeb0-e8986a5428f2_g12_original.jpg,automatic-lens-correction\lens-correction-train-cleaned\04043f54-d692-45a8-aeb0-e8986a5428f2_g12_generated.jpg
0459ee9a-6347-4a1b-9594-51cc82da87a2_g0,automatic-lens-correction\lens-correction-train-cleaned\0459ee9a-6347-4a1b-9594-51cc82da87a2_g0_original.jpg,automatic-lens-correction\lens-correction-train-cleaned\0459ee9a-6347-4a1b-9594-51cc82da87a2_g0_generated.jpg
0459ee9a-6347-4a1b-9594-51cc82da87a2_g11,automatic-lens-correction\lens-correction-train-cleaned\0459ee9a-6347-4a1b-9594-51cc82da87a2_g11_original.jpg,automatic-lens-correction\lens-correction-train-cleaned\0459ee9a-6347-4a1b-9594-51cc82da87a2_g11_generated.jpg
0459ee9a-6347-4a1b-9594-51cc82da87a2_g12,automatic-lens-correction\lens-correction-train-cleaned\0459ee9a-6347-4a1b-9594-51cc82da87a2_g12_original.jpg,automatic-lens-correction\lens-correction-train-cleaned\0459ee9a-6347-4a1b-9594-51cc82da87a2_g12_generated.jpg
0459ee9a-6347-4a1b-9594-51cc82da87a2_g14,automatic-lens-correction\lens-correction-train-cleaned\0459ee9a-6347-4a1b-9594-51cc82da87a2_g14_original.jpg,automatic-lens-correction\lens-correction-train-cleaned\0459ee9a-6347-4a1b-9594-51cc82da87a2_g14_generated.jpg
0459ee9a-6347-4a1b-9594-51cc82da87a2_g19,automatic-lens-correction\lens-correction-train-cleaned\0459ee9a-6347-4a1b-9594-51cc82da87a2_g19_original.jpg,automatic-lens-correction\lens-correction-train-cleaned\0459ee9a-6347-4a1b-9594-51cc82da87a2_g19_generated.jpg
0459ee9a-6347-4a1b-9594-51cc82da87a2_g2,automatic-lens-correction\lens-correction-train-cleaned\0459ee9a-6347-4a1b-9594-51cc82da87a2_g2_original.jpg,automatic-lens-correction\lens-correction-train-cleaned\0459ee9a-6347-4a1b-9594-51cc82da87a2_g2_generated.jpg
0459ee9a-6347-4a1b-9594-51cc82da87a2_g3,automatic-lens-correction\lens-correction-train-cleaned\0459ee9a-6347-4a1b-9594-51cc82da87a2_g3_original.jpg,automatic-lens-correction\lens-correction-train-cleaned\0459ee9a-6347-4a1b-9594-51cc82da87a2_g3_generated.jpg
0459ee9a-6347-4a1b-9594-51cc82da87a2_g5,automatic-lens-correction\lens-correction-train-cleaned\0459ee9a-6347-4a1b-9594-51cc82da87a2_g5_original.jpg,automatic-lens-correction\lens-correction-train-cleaned\0459ee9a-6347-4a1b-9594-51cc82da87a2_g5_generated.jpg
0459ee9a-6347-4a1b-9594-51cc82da87a2_g6,automatic-lens-correction\lens-correction-train-cleaned\0459ee9a-6347-4a1b-9594-51cc82da87a2_g6_original.jpg,automatic-lens-correction\lens-correction-train-cleaned\0459ee9a-6347-4a1b-9594-51cc82da87a2_g6_generated.jpg
0459ee9a-6347-4a1b-9594-51cc82da87a2_g8,automatic-lens-correction\lens-correction-train-cleaned\0459ee9a-6347-4a1b-9594-51cc82da87a2_g8_original.jpg,automatic-lens-correction\lens-correction-train-cleaned\0459ee9a-6347-4a1b-9594-51cc82da87a2_g8_generated.jpg
0459ee9a-6347-4a1b-9594-51cc82da87a2_g9,automatic-lens-correction\lens-correction-train-cleaned\0459ee9a-6347-4a1b-9594-51cc82da87a2_g9_original.jpg,automatic-lens-correction\lens-correction-train-cleaned\0459ee9a-6347-4a1b-9594-51cc82da87a2_g9_generated.jpg
0499812a-c6ab-42a9-8a08-5ce1d2674cfa_g12,automatic-lens-correction\lens-correction-train-cleaned\0499812a-c6ab-42a9-8a08-5ce1d2674cfa_g12_original.jpg,automatic-lens-correction\lens-correction-train-cleaned\0499812a-c6ab-42a9-8a08-5ce1d2674cfa_g12_generated.jpg
0499812a-c6ab-42a9-8a08-5ce1d2674cfa_g4,automatic-lens-correction\lens-correction-train-cleaned\0499812a-c6ab-42a9-8a08-5ce1d2674cfa_g4_original.jpg,automatic-lens-correction\lens-correction-train-cleaned\0499812a-c6ab-42a9-8a08-5ce1d2674cfa_g4_generated.jpg
0499812a-c6ab-42a9-8a08-5ce1d2674cfa_g5,automatic-lens-correction\lens-correction-train-cleaned\0499812a-c6ab-42a9-8a08-5ce1d2674cfa_g5_original.jpg,automatic-lens-correction\lens-correction-train-cleaned\0499812a-c6ab-42a9-8a08-5ce1d2674cfa_g5_generated.jpg
0499812a-c6ab-42a9-8a08-5ce1d2674cfa_g6,automatic-lens-correction\lens-correction-train-cleaned\0499812a-c6ab-42a9-8a08-5ce1d2674cfa_g6_original.jpg,automatic-lens-correction\lens-correction-train-cleaned\0499812a-c6ab-42a9-8a08-5ce1d2674cfa_g6_generated.jpg
0499812a-c6ab-42a9-8a08-5ce1d2674cfa_g7,automatic-lens-correction\lens-correction-train-cleaned\0499812a-c6ab-42a9-8a08-5ce1d2674cfa_g7_original.jpg,automatic-lens-correction\lens-correction-train-cleaned\0499812a-c6ab-42a9-8a08-5ce1d2674cfa_g7_generated.jpg
0499812a-c6ab-42a9-8a08-5ce1d2674cfa_g8,automatic-lens-correction\lens-correction-train-cleaned\0499812a-c6ab-42a9-8a08-5ce1d2674cfa_g8_original.jpg,automatic-lens-correction\lens-correction-train-cleaned\0499812a-c6ab-42a9-8a08-5ce1d2674cfa_g8_generated.jpg
04a0613f-7216-4db8-9a6b-b93451c45886_g11,automatic-lens-correction\lens-correction-train-cleaned\04a0613f-7216-4db8-9a6b-b93451c45886_g11_original.jpg,automatic-lens-correction\lens-correction-train-cleaned\04a0613f-7216-4db8-9a6b-b93451c45886_g11_generated.jpg
04a0613f-7216-4db8-9a6b-b93451c45886_g12,automatic-lens-correction\lens-correction-train-cleaned\04a0613f-7216-4db8-9a6b-b93451c45886_g12_original.jpg,automatic-lens-correction\lens-correction-train-cleaned\04a0613f-7216-4db8-9a6b-b93451c45886_g12_generated.jpg
04a0613f-7216-4db8-9a6b-b93451c45886_g13,automatic-lens-correction\lens-correction-train-cleaned\04a0613f-7216-4db8-9a6b-b93451c45886_g13_original.jpg,automatic-lens-correction\lens-correction-train-cleaned\04a0613f-7216-4db8-9a6b-b93451c45886_g13_generated.jpg
04a0613f-7216-4db8-9a6b-b93451c45886_g14,automatic-lens-correction\lens-correction-train-cleaned\04a0613f-7216-4db8-9a6b-b93451c45886_g14_original.jpg,automatic-lens-correction\lens-correction-train-cleaned\04a0613f-7216-4db8-9a6b-b93451c45886_g14_generated.jpg
04a0613f-7216-4db8-9a6b-b93451c45886_g15,automatic-lens-correction\lens-correction-train-cleaned\04a0613f-7216-4db8-9a6b-b93451c45886_g15_original.jpg,automatic-lens-correction\lens-correction-train-cleaned\04a0613f-7216-4db8-9a6b-b93451c45886_g15_generated.jpg
04a0613f-7216-4db8-9a6b-b93451c45886_g16,automatic-lens-correction\lens-correction-train-cleaned\04a0613f-7216-4db8-9a6b-b93451c45886_g16_original.jpg,automatic-lens-correction\lens-correction-train-cleaned\04a0613f-7216-4db8-9a6b-b93451c45886_g16_generated.jpg
04a0613f-7216-4db8-9a6b-b93451c45886_g17,automatic-lens-correction\lens-correction-train-cleaned\04a0613f-7216-4db8-9a6b-b93451c45886_g17_original.jpg,automatic-lens-correction\lens-correction-train-cleaned\04a0613f-7216-4db8-9a6b-b93451c45886_g17_generated.jpg
04a0613f-7216-4db8-9a6b-b93451c45886_g18,automatic-lens-correction\lens-correction-train-cleaned\04a0613f-7216-4db8-9a6b-b93451c45886_g18_original.jpg,automatic-lens-correction\lens-correction-train-cleaned\04a0613f-7216-4db8-9a6b-b93451c45886_g18_generated.jpg
04a0613f-7216-4db8-9a6b-b93451c45886_g19,automatic-lens-correction\lens-correction-train-cleaned\04a0613f-7216-4db8-9a6b-b93451c45886_g19_original.jpg,automatic-lens-correction\lens-correction-train-cleaned\04a0613f-7216-4db8-9a6b-b93451c45886_g19_generated.jpg
04a0613f-7216-4db8-9a6b-b93451c45886_g3,automatic-lens-correction\lens-correction-train-cleaned\04a0613f-7216-4db8-9a6b-b93451c45886_g3_original.jpg,automatic-lens-correction\lens-correction-train-cleaned\04a0613f-7216-4db8-9a6b-b93451c45886_g3_generated.jpg
04a0613f-7216-4db8-9a6b-b93451c45886_g4,automatic-lens-correction\lens-correction-train-cleaned\04a0613f-7216-4db8-9a6b-b93451c45886_g4_original.jpg,automatic-lens-correction\lens-correction-train-cleaned\04a0613f-7216-4db8-9a6b-b93451c45886_g4_generated.jpg
04a0613f-7216-4db8-9a6b-b93451c45886_g5,automatic-lens-correction\lens-correction-train-cleaned\04a0613f-7216-4db8-9a6b-b93451c45886_g5_original.jpg,automatic-lens-correction\lens-correction-train-cleaned\04a0613f-7216-4db8-9a6b-b93451c45886_g5_generated.jpg
04a0613f-7216-4db8-9a6b-b93451c45886_g6,automatic-lens-correction\lens-correction-train-cleaned\04a0613f-7216-4db8-9a6b-b93451c45886_g6_original.jpg,automatic-lens-correction\lens-correction-train-cleaned\04a0613f-7216-4db8-9a6b-b93451c45886_g6_generated.jpg
04a0613f-7216-4db8-9a6b-b93451c45886_g7,automatic-lens-correction\lens-correction-train-cleaned\04a0613f-7216-4db8-9a6b-b93451c45886_g7_original.jpg,automatic-lens-correction\lens-correction-train-cleaned\04a0613f-7216-4db8-9a6b-b93451c45886_g7_generated.jpg
04a0613f-7216-4db8-9a6b-b93451c45886_g8,automatic-lens-correction\lens-correction-train-cleaned\04a0613f-7216-4db8-9a6b-b93451c45886_g8_original.jpg,automatic-lens-correction\lens-correction-train-cleaned\04a0613f-7216-4db8-9a6b-b93451c45886_g8_generated.jpg
04a0613f-7216-4db8-9a6b-b93451c45886_g9,automatic-lens-correction\lens-correction-train-cleaned\04a0613f-7216-4db8-9a6b-b93451c45886_g9_original.jpg,automatic-lens-correction\lens-correction-train-cleaned\04a0613f-7216-4db8-9a6b-b93451c45886_g9_generated.jpg
04a6bc24-1a91-4808-8bd9-ca09bbd2fe85_g0,automatic-lens-correction\lens-correction-train-cleaned\04a6bc24-1a91-4808-8bd9-ca09bbd2fe85_g0_original.jpg,automatic-lens-correction\lens-correction-train-cleaned\04a6bc24-1a91-4808-8bd9-ca09bbd2fe85_g0_generated.jpg
04a6bc24-1a91-4808-8bd9-ca09bbd2fe85_g1,automatic-lens-correction\lens-correction-train-cleaned\04a6bc24-1a91-4808-8bd9-ca09bbd2fe85_g1_original.jpg,automatic-lens-correction\lens-correction-train-cleaned\04a6bc24-1a91-4808-8bd9-ca09bbd2fe85_g1_generated.jpg
04a6bc24-1a91-4808-8bd9-ca09bbd2fe85_g11,automatic-lens-correction\lens-correction-train-cleaned\04a6bc24-1a91-4808-8bd9-ca09bbd2fe85_g11_original.jpg,automatic-lens-correction\lens-correction-train-cleaned\04a6bc24-1a91-4808-8bd9-ca09bbd2fe85_g11_generated.jpg
04a6bc24-1a91-4808-8bd9-ca09bbd2fe85_g12,automatic-lens-correction\lens-correction-train-cleaned\04a6bc24-1a91-4808-8bd9-ca09bbd2fe85_g12_original.jpg,automatic-lens-correction\lens-correction-train-cleaned\04a6bc24-1a91-4808-8bd9-ca09bbd2fe85_g12_generated.jpg
04a6bc24-1a91-4808-8bd9-ca09bbd2fe85_g13,automatic-lens-correction\lens-correction-train-cleaned\04a6bc24-1a91-4808-8bd9-ca09bbd2fe85_g13_original.jpg,automatic-lens-correction\lens-correction-train-cleaned\04a6bc24-1a91-4808-8bd9-ca09bbd2fe85_g13_generated.jpg
04a6bc24-1a91-4808-8bd9-ca09bbd2fe85_g15,automatic-lens-correction\lens-correction-train-cleaned\04a6bc24-1a91-4808-8bd9-ca09bbd2fe85_g15_original.jpg,automatic-lens-correction\lens-correction-train-cleaned\04a6bc24-1a91-4808-8bd9-ca09bbd2fe85_g15_generated.jpg
04a6bc24-1a91-4808-8bd9-ca09bbd2fe85_g16,automatic-lens-correction\lens-correction-train-cleaned\04a6bc24-1a91-4808-8bd9-ca09bbd2fe85_g16_original.jpg,automatic-lens-correction\lens-correction-train-cleaned\04a6bc24-1a91-4808-8bd9-ca09bbd2fe85_g16_generated.jpg
04a6bc24-1a91-4808-8bd9-ca09bbd2fe85_g17,automatic-lens-correction\lens-correction-train-cleaned\04a6bc24-1a91-4808-8bd9-ca09bbd2fe85_g17_original.jpg,automatic-lens-correction\lens-correction-train-cleaned\04a6bc24-1a91-4808-8bd9-ca09bbd2fe85_g17_generated.jpg
04a6bc24-1a91-4808-8bd9-ca09bbd2fe85_g18,automatic-lens-correction\lens-correction-train-cleaned\04a6bc24-1a91-4808-8bd9-ca09bbd2fe85_g18_original.jpg,automatic-lens-correction\lens-correction-train-cleaned\04a6bc24-1a91-4808-8bd9-ca09bbd2fe85_g18_generated.jpg
04a6bc24-1a91-4808-8bd9-ca09bbd2fe85_g2,automatic-lens-correction\lens-correction-train-cleaned\04a6bc24-1a91-4808-8bd9-ca09bbd2fe85_g2_original.jpg,automatic-lens-correction\lens-correction-train-cleaned\04a6bc24-1a91-4808-8bd9-ca09bbd2fe85_g2_generated.jpg
04a6bc24-1a91-4808-8bd9-ca09bbd2fe85_g3,automatic-lens-correction\lens-correction-train-cleaned\04a6bc24-1a91-4808-8bd9-ca09bbd2fe85_g3_original.jpg,automatic-lens-correction\lens-correction-train-cleaned\04a6bc24-1a91-4808-8bd9-ca09bbd2fe85_g3_generated.jpg
04a6bc24-1a91-4808-8bd9-ca09bbd2fe85_g4,automatic-lens-correction\lens-correction-train-cleaned\04a6bc24-1a91-4808-8bd9-ca09bbd2fe85_g4_original.jpg,automatic-lens-correction\lens-correction-train-cleaned\04a6bc24-1a91-4808-8bd9-ca09bbd2fe85_g4_generated.jpg
04a6bc24-1a91-4808-8bd9-ca09bbd2fe85_g5,automatic-lens-correction\lens-correction-train-cleaned\04a6bc24-1a91-4808-8bd9-ca09bbd2fe85_g5_original.jpg,automatic-lens-correction\lens-correction-train-cleaned\04a6bc24-1a91-4808-8bd9-ca09bbd2fe85_g5_generated.jpg
04a6bc24-1a91-4808-8bd9-ca09bbd2fe85_g6,automatic-lens-correction\lens-correction-train-cleaned\04a6bc24-1a91-4808-8bd9-ca09bbd2fe85_g6_original.jpg,automatic-lens-correction\lens-correction-train-cleaned\04a6bc24-1a91-4808-8bd9-ca09bbd2fe85_g6_generated.jpg
04a6bc24-1a91-4808-8bd9-ca09bbd2fe85_g7,automatic-lens-correction\lens-correction-train-cleaned\04a6bc24-1a91-4808-8bd9-ca09bbd2fe85_g7_original.jpg,automatic-lens-correction\lens-correction-train-cleaned\04a6bc24-1a91-4808-8bd9-ca09bbd2fe85_g7_generated.jpg
04a6bc24-1a91-4808-8bd9-ca09bbd2fe85_g8,automatic-lens-correction\lens-correction-train-cleaned\04a6bc24-1a91-4808-8bd9-ca09bbd2fe85_g8_original.jpg,automatic-lens-correction\lens-correction-train-cleaned\04a6bc24-1a91-4808-8bd9-ca09bbd2fe85_g8_generated.jpg
04a6bc24-1a91-4808-8bd9-ca09bbd2fe85_g9,automatic-lens-correction\lens-correction-train-cleaned\04a6bc24-1a91-4808-8bd9-ca09bbd2fe85_g9_original.jpg,automatic-lens-correction\lens-correction-train-cleaned\04a6bc24-1a91-4808-8bd9-ca09bbd2fe85_g9_generated.jpg
04aff735-aa1b-4a36-bf3e-17d5f0390b5a_g1,automatic-lens-correction\lens-correction-train-cleaned\04aff735-aa1b-4a36-bf3e-17d5f0390b5a_g1_original.jpg,automatic-lens-correction\lens-correction-train-cleaned\04aff735-aa1b-4a36-bf3e-17d5f0390b5a_g1_generated.jpg
04aff735-aa1b-4a36-bf3e-17d5f0390b5a_g11,automatic-lens-correction\lens-correction-train-cleaned\04aff735-aa1b-4a36-bf3e-17d5f0390b5a_g11_original.jpg,automatic-lens-correction\lens-correction-train-cleaned\04aff735-aa1b-4a36-bf3e-17d5f0390b5a_g11_generated.jpg
04aff735-aa1b-4a36-bf3e-17d5f0390b5a_g2,automatic-lens-correction\lens-correction-train-cleaned\04aff735-aa1b-4a36-bf3e-17d5f0390b5a_g2_original.jpg,automatic-lens-correction\lens-correction-train-cleaned\04aff735-aa1b-4a36-bf3e-17d5f0390b5a_g2_generated.jpg
04aff735-aa1b-4a36-bf3e-17d5f0390b5a_g4,automatic-lens-correction\lens-correction-train-cleaned\04aff735-aa1b-4a36-bf3e-17d5f0390b5a_g4_original.jpg,automatic-lens-correction\lens-correction-train-cleaned\04aff735-aa1b-4a36-bf3e-17d5f0390b5a_g4_generated.jpg
04b6e162-81b8-46b7-b4fd-8ec964df275a_g0,automatic-lens-correction\lens-correction-train-cleaned\04b6e162-81b8-46b7-b4fd-8ec964df275a_g0_original.jpg,automatic-lens-correction\lens-correction-train-cleaned\04b6e162-81b8-46b7-b4fd-8ec964df275a_g0_generated.jpg
04b6e162-81b8-46b7-b4fd-8ec964df275a_g10,automatic-lens-correction\lens-correction-train-cleaned\04b6e162-81b8-46b7-b4fd-8ec964df275a_g10_original.jpg,automatic-lens-correction\lens-correction-train-cleaned\04b6e162-81b8-46b7-b4fd-8ec964df275a_g10_generated.jpg
04b6e162-81b8-46b7-b4fd-8ec964df275a_g11,automatic-lens-correction\lens-correction-train-cleaned\04b6e162-81b8-46b7-b4fd-8ec964df275a_g11_original.jpg,automatic-lens-correction\lens-correction-train-cleaned\04b6e162-81b8-46b7-b4fd-8ec964df275a_g11_generated.jpg
04b6e162-81b8-46b7-b4fd-8ec964df275a_g12,automatic-lens-correction\lens-correction-train-cleaned\04b6e162-81b8-46b7-b4fd-8ec964df275a_g12_original.jpg,automatic-lens-correction\lens-correction-train-cleaned\04b6e162-81b8-46b7-b4fd-8ec964df275a_g12_generated.jpg
04b6e162-81b8-46b7-b4fd-8ec964df275a_g15,automatic-lens-correction\lens-correction-train-cleaned\04b6e162-81b8-46b7-b4fd-8ec964df275a_g15_original.jpg,automatic-lens-correction\lens-correction-train-cleaned\04b6e162-81b8-46b7-b4fd-8ec964df275a_g15_generated.jpg
04b6e162-81b8-46b7-b4fd-8ec964df275a_g16,automatic-lens-correction\lens-correction-train-cleaned\04b6e162-81b8-46b7-b4fd-8ec964df275a_g16_original.jpg,automatic-lens-correction\lens-correction-train-cleaned\04b6e162-81b8-46b7-b4fd-8ec964df275a_g16_generated.jpg
04b6e162-81b8-46b7-b4fd-8ec964df275a_g17,automatic-lens-correction\lens-correction-train-cleaned\04b6e162-81b8-46b7-b4fd-8ec964df275a_g17_original.jpg,automatic-lens-correction\lens-correction-train-cleaned\04b6e162-81b8-46b7-b4fd-8ec964df275a_g17_generated.jpg
04b6e162-81b8-46b7-b4fd-8ec964df275a_g18,automatic-lens-correction\lens-correction-train-cleaned\04b6e162-81b8-46b7-b4fd-8ec964df275a_g18_original.jpg,automatic-lens-correction\lens-correction-train-cleaned\04b6e162-81b8-46b7-b4fd-8ec964df275a_g18_generated.jpg
04b6e162-81b8-46b7-b4fd-8ec964df275a_g19,automatic-lens-correction\lens-correction-train-cleaned\04b6e162-81b8-46b7-b4fd-8ec964df275a_g19_original.jpg,automatic-lens-correction\lens-correction-train-cleaned\04b6e162-81b8-46b7-b4fd-8ec964df275a_g19_generated.jpg
04b6e162-81b8-46b7-b4fd-8ec964df275a_g2,automatic-lens-correction\lens-correction-train-cleaned\04b6e162-81b8-46b7-b4fd-8ec964df275a_g2_original.jpg,automatic-lens-correction\lens-correction-train-cleaned\04b6e162-81b8-46b7-b4fd-8ec964df275a_g2_generated.jpg
04b6e162-81b8-46b7-b4fd-8ec964df275a_g3,automatic-lens-correction\lens-correction-train-cleaned\04b6e162-81b8-46b7-b4fd-8ec964df275a_g3_original.jpg,automatic-lens-correction\lens-correction-train-cleaned\04b6e162-81b8-46b7-b4fd-8ec964df275a_g3_generated.jpg
04b6e162-81b8-46b7-b4fd-8ec964df275a_g4,automatic-lens-correction\lens-correction-train-cleaned\04b6e162-81b8-46b7-b4fd-8ec964df275a_g4_original.jpg,automatic-lens-correction\lens-correction-train-cleaned\04b6e162-81b8-46b7-b4fd-8ec964df275a_g4_generated.jpg
04b6e162-81b8-46b7-b4fd-8ec964df275a_g5,automatic-lens-correction\lens-correction-train-cleaned\04b6e162-81b8-46b7-b4fd-8ec964df275a_g5_original.jpg,automatic-lens-correction\lens-correction-train-cleaned\04b6e162-81b8-46b7-b4fd-8ec964df275a_g5_generated.jpg
04b6e162-81b8-46b7-b4fd-8ec964df275a_g6,automatic-lens-correction\lens-correction-train-cleaned\04b6e162-81b8-46b7-b4fd-8ec964df275a_g6_original.jpg,automatic-lens-correction\lens-correction-train-cleaned\04b6e162-81b8-46b7-b4fd-8ec964df275a_g6_generated.jpg
04b6e162-81b8-46b7-b4fd-8ec964df275a_g7,automatic-lens-correction\lens-correction-train-cleaned\04b6e162-81b8-46b7-b4fd-8ec964df275a_g7_original.jpg,automatic-lens-correction\lens-correction-train-cleaned\04b6e162-81b8-46b7-b4fd-8ec964df275a_g7_generated.jpg
04b6e162-81b8-46b7-b4fd-8ec964df275a_g9,automatic-lens-correction\lens-correction-train-cleaned\04b6e162-81b8-46b7-b4fd-8ec964df275a_g9_original.jpg,automatic-lens-correction\lens-correction-train-cleaned\04b6e162-81b8-46b7-b4fd-8ec964df275a_g9_generated.jpg
04bad7e8-489e-4f5b-83c9-fb4608d2a4ff_g0,automatic-lens-correction\lens-correction-train-cleaned\04bad7e8-489e-4f5b-83c9-fb4608d2a4ff_g0_original.jpg,automatic-lens-correction\lens-correction-train-cleaned\04bad7e8-489e-4f5b-83c9-fb4608d2a4ff_g0_generated.jpg
04bad7e8-489e-4f5b-83c9-fb4608d2a4ff_g1,automatic-lens-correction\lens-correction-train-cleaned\04bad7e8-489e-4f5b-83c9-fb4608d2a4ff_g1_original.jpg,automatic-lens-correction\lens-correction-train-cleaned\04bad7e8-489e-4f5b-83c9-fb4608d2a4ff_g1_generated.jpg
04bad7e8-489e-4f5b-83c9-fb4608d2a4ff_g2,automatic-lens-correction\lens-correction-train-cleaned\04bad7e8-489e-4f5b-83c9-fb4608d2a4ff_g2_original.jpg,automatic-lens-correction\lens-correction-train-cleaned\04bad7e8-489e-4f5b-83c9-fb4608d2a4ff_g2_generated.jpg
04bad7e8-489e-4f5b-83c9-fb4608d2a4ff_g3,automatic-lens-correction\lens-correction-train-cleaned\04bad7e8-489e-4f5b-83c9-fb4608d2a4ff_g3_original.jpg,automatic-lens-correction\lens-correction-train-cleaned\04bad7e8-489e-4f5b-83c9-fb4608d2a4ff_g3_generated.jpg
04bad7e8-489e-4f5b-83c9-fb4608d2a4ff_g4,automatic-lens-correction\lens-correction-train-cleaned\04bad7e8-489e-4f5b-83c9-fb4608d2a4ff_g4_original.jpg,automatic-lens-correction\lens-correction-train-cleaned\04bad7e8-489e-4f5b-83c9-fb4608d2a4ff_g4_generated.jpg
04bad7e8-489e-4f5b-83c9-fb4608d2a4ff_g5,automatic-lens-correction\lens-correction-train-cleaned\04bad7e8-489e-4f5b-83c9-fb4608d2a4ff_g5_original.jpg,automatic-lens-correction\lens-correction-train-cleaned\04bad7e8-489e-4f5b-83c9-fb4608d2a4ff_g5_generated.jpg
04bad7e8-489e-4f5b-83c9-fb4608d2a4ff_g6,automatic-lens-correction\lens-correction-train-cleaned\04bad7e8-489e-4f5b-83c9-fb4608d2a4ff_g6_original.jpg,automatic-lens-correction\lens-correction-train-cleaned\04bad7e8-489e-4f5b-83c9-fb4608d2a4ff_g6_generated.jpg
04c5ed70-77a6-4baf-8c80-9256ddc21b01_g0,automatic-lens-correction\lens-correction-train-cleaned\04c5ed70-77a6-4baf-8c80-9256ddc21b01_g0_original.jpg,automatic-lens-correction\lens-correction-train-cleaned\04c5ed70-77a6-4baf-8c80-9256ddc21b01_g0_generated.jpg
04c5ed70-77a6-4baf-8c80-9256ddc21b01_g1,automatic-lens-correction\lens-correction-train-cleaned\04c5ed70-77a6-4baf-8c80-9256ddc21b01_g1_original.jpg,automatic-lens-correction\lens-correction-train-cleaned\04c5ed70-77a6-4baf-8c80-9256ddc21b01_g1_generated.jpg
04c5ed70-77a6-4baf-8c80-9256ddc21b01_g10,automatic-lens-correction\lens-correction-train-cleaned\04c5ed70-77a6-4baf-8c80-9256ddc21b01_g10_original.jpg,automatic-lens-correction\lens-correction-train-cleaned\04c5ed70-77a6-4baf-8c80-9256ddc21b01_g10_generated.jpg
04da4655-451f-44dc-a636-3c006af3c9f5_g0,automatic-lens-correction\lens-correction-train-cleaned\04da4655-451f-44dc-a636-3c006af3c9f5_g0_original.jpg,automatic-lens-correction\lens-correction-train-cleaned\04da4655-451f-44dc-a636-3c006af3c9f5_g0_generated.jpg
04da4655-451f-44dc-a636-3c006af3c9f5_g1,automatic-lens-correction\lens-correction-train-cleaned\04da4655-451f-44dc-a636-3c006af3c9f5_g1_original.jpg,automatic-lens-correction\lens-correction-train-cleaned\04da4655-451f-44dc-a636-3c006af3c9f5_g1_generated.jpg
04da4655-451f-44dc-a636-3c006af3c9f5_g2,automatic-lens-correction\lens-correction-train-cleaned\04da4655-451f-44dc-a636-3c006af3c9f5_g2_original.jpg,automatic-lens-correction\lens-correction-train-cleaned\04da4655-451f-44dc-a636-3c006af3c9f5_g2_generated.jpg
04da4655-451f-44dc-a636-3c006af3c9f5_g3,automatic-lens-correction\lens-correction-train-cleaned\04da4655-451f-44dc-a636-3c006af3c9f5_g3_original.jpg,automatic-lens-correction\lens-correction-train-cleaned\04da4655-451f-44dc-a636-3c006af3c9f5_g3_generated.jpg
04da4655-451f-44dc-a636-3c006af3c9f5_g4,automatic-lens-correction\lens-correction-train-cleaned\04da4655-451f-44dc-a636-3c006af3c9f5_g4_original.jpg,automatic-lens-correction\lens-correction-train-cleaned\04da4655-451f-44dc-a636-3c006af3c9f5_g4_generated.jpg
04f1d33a-7a01-46eb-9b6b-bafb1a88b612_g6,automatic-lens-correction\lens-correction-train-cleaned\04f1d33a-7a01-46eb-9b6b-bafb1a88b612_g6_original.jpg,automatic-lens-correction\lens-correction-train-cleaned\04f1d33a-7a01-46eb-9b6b-bafb1a88b612_g6_generated.jpg
0695a5ec-f60b-41e3-a770-14256f6ab09c_g0,automatic-lens-correction\lens-correction-train-cleaned\0695a5ec-f60b-41e3-a770-14256f6ab09c_g0_original.jpg,automatic-lens-correction\lens-correction-train-cleaned\0695a5ec-f60b-41e3-a770-14256f6ab09c_g0_generated.jpg
079082a9-8070-4cb9-861e-766e7e53f2e9_g0,automatic-lens-correction\lens-correction-train-cleaned\079082a9-8070-4cb9-861e-766e7e53f2e9_g0_original.jpg,automatic-lens-correction\lens-correction-train-cleaned\079082a9-8070-4cb9-861e-766e7e53f2e9_g0_generated.jpg
079082a9-8070-4cb9-861e-766e7e53f2e9_g1,automatic-lens-correction\lens-correction-train-cleaned\079082a9-8070-4cb9-861e-766e7e53f2e9_g1_original.jpg,automatic-lens-correction\lens-correction-train-cleaned\079082a9-8070-4cb9-861e-766e7e53f2e9_g1_generated.jpg
079082a9-8070-4cb9-861e-766e7e53f2e9_g10,automatic-lens-correction\lens-correction-train-cleaned\079082a9-8070-4cb9-861e-766e7e53f2e9_g10_original.jpg,automatic-lens-correction\lens-correction-train-cleaned\079082a9-8070-4cb9-861e-766e7e53f2e9_g10_generated.jpg
079082a9-8070-4cb9-861e-766e7e53f2e9_g11,automatic-lens-correction\lens-correction-train-cleaned\079082a9-8070-4cb9-861e-766e7e53f2e9_g11_original.jpg,automatic-lens-correction\lens-correction-train-cleaned\079082a9-8070-4cb9-861e-766e7e53f2e9_g11_generated.jpg
079082a9-8070-4cb9-861e-766e7e53f2e9_g12,automatic-lens-correction\lens-correction-train-cleaned\079082a9-8070-4cb9-861e-766e7e53f2e9_g12_original.jpg,automatic-lens-correction\lens-correction-train-cleaned\079082a9-8070-4cb9-861e-766e7e53f2e9_g12_generated.jpg
079082a9-8070-4cb9-861e-766e7e53f2e9_g13,automatic-lens-correction\lens-correction-train-cleaned\079082a9-8070-4cb9-861e-766e7e53f2e9_g13_original.jpg,automatic-lens-correction\lens-correction-train-cleaned\079082a9-8070-4cb9-861e-766e7e53f2e9_g13_generated.jpg
079082a9-8070-4cb9-861e-766e7e53f2e9_g14,automatic-lens-correction\lens-correction-train-cleaned\079082a9-8070-4cb9-861e-766e7e53f2e9_g14_original.jpg,automatic-lens-correction\lens-correction-train-cleaned\079082a9-8070-4cb9-861e-766e7e53f2e9_g14_generated.jpg
079082a9-8070-4cb9-861e-766e7e53f2e9_g15,automatic-lens-correction\lens-correction-train-cleaned\079082a9-8070-4cb9-861e-766e7e53f2e9_g15_original.jpg,automatic-lens-correction\lens-correction-train-cleaned\079082a9-8070-4cb9-861e-766e7e53f2e9_g15_generated.jpg
079082a9-8070-4cb9-861e-766e7e53f2e9_g16,automatic-lens-correction\lens-correction-train-cleaned\079082a9-8070-4cb9-861e-766e7e53f2e9_g16_original.jpg,automatic-lens-correction\lens-correction-train-cleaned\079082a9-8070-4cb9-861e-766e7e53f2e9_g16_generated.jpg
079082a9-8070-4cb9-861e-766e7e53f2e9_g17,automatic-lens-correction\lens-correction-train-cleaned\079082a9-8070-4cb9-861e-766e7e53f2e9_g17_original.jpg,automatic-lens-correction\lens-correction-train-cleaned\079082a9-8070-4cb9-861e-766e7e53f2e9_g17_generated.jpg
079082a9-8070-4cb9-861e-766e7e53f2e9_g18,automatic-lens-correction\lens-correction-train-cleaned\079082a9-8070-4cb9-861e-766e7e53f2e9_g18_original.jpg,automatic-lens-correction\lens-correction-train-cleaned\079082a9-8070-4cb9-861e-766e7e53f2e9_g18_generated.jpg
079082a9-8070-4cb9-861e-766e7e53f2e9_g19,automatic-lens-correction\lens-correction-train-cleaned\079082a9-8070-4cb9-861e-766e7e53f2e9_g19_original.jpg,automatic-lens-correction\lens-correction-train-cleaned\079082a9-8070-4cb9-861e-766e7e53f2e9_g19_generated.jpg
079082a9-8070-4cb9-861e-766e7e53f2e9_g2,automatic-lens-correction\lens-correction-train-cleaned\079082a9-8070-4cb9-861e-766e7e53f2e9_g2_original.jpg,automatic-lens-correction\lens-correction-train-cleaned\079082a9-8070-4cb9-861e-766e7e53f2e9_g2_generated.jpg
079082a9-8070-4cb9-861e-766e7e53f2e9_g3,automatic-lens-correction\lens-correction-train-cleaned\079082a9-8070-4cb9-861e-766e7e53f2e9_g3_original.jpg,automatic-lens-correction\lens-correction-train-cleaned\079082a9-8070-4cb9-861e-766e7e53f2e9_g3_generated.jpg
079082a9-8070-4cb9-861e-766e7e53f2e9_g5,automatic-lens-correction\lens-correction-train-cleaned\079082a9-8070-4cb9-861e-766e7e53f2e9_g5_original.jpg,automatic-lens-correction\lens-correction-train-cleaned\079082a9-8070-4cb9-861e-766e7e53f2e9_g5_generated.jpg
079082a9-8070-4cb9-861e-766e7e53f2e9_g6,automatic-lens-correction\lens-correction-train-cleaned\079082a9-8070-4cb9-861e-766e7e53f2e9_g6_original.jpg,automatic-lens-correction\lens-correction-train-cleaned\079082a9-8070-4cb9-861e-766e7e53f2e9_g6_generated.jpg
079082a9-8070-4cb9-861e-766e7e53f2e9_g7,automatic-lens-correction\lens-correction-train-cleaned\079082a9-8070-4cb9-861e-766e7e53f2e9_g7_original.jpg,automatic-lens-correction\lens-correction-train-cleaned\079082a9-8070-4cb9-861e-766e7e53f2e9_g7_generated.jpg
079082a9-8070-4cb9-861e-766e7e53f2e9_g8,automatic-lens-correction\lens-correction-train-cleaned\079082a9-8070-4cb9-861e-766e7e53f2e9_g8_original.jpg,automatic-lens-correction\lens-correction-train-cleaned\079082a9-8070-4cb9-861e-766e7e53f2e9_g8_generated.jpg
079082a9-8070-4cb9-861e-766e7e53f2e9_g9,automatic-lens-correction\lens-correction-train-cleaned\079082a9-8070-4cb9-861e-766e7e53f2e9_g9_original.jpg,automatic-lens-correction\lens-correction-train-cleaned\079082a9-8070-4cb9-861e-766e7e53f2e9_g9_generated.jpg
07c78120-959a-494e-9f28-51af5e28513f_g15,automatic-lens-correction\lens-correction-train-cleaned\07c78120-959a-494e-9f28-51af5e28513f_g15_original.jpg,automatic-lens-correction\lens-correction-train-cleaned\07c78120-959a-494e-9f28-51af5e28513f_g15_generated.jpg
07d20106-16d3-4f82-bdaa-55a544f6e713_g11,automatic-lens-correction\lens-correction-train-cleaned\07d20106-16d3-4f82-bdaa-55a544f6e713_g11_original.jpg,automatic-lens-correction\lens-correction-train-cleaned\07d20106-16d3-4f82-bdaa-55a544f6e713_g11_generated.jpg
07d20106-16d3-4f82-bdaa-55a544f6e713_g13,automatic-lens-correction\lens-correction-train-cleaned\07d20106-16d3-4f82-bdaa-55a544f6e713_g13_original.jpg,automatic-lens-correction\lens-correction-train-cleaned\07d20106-16d3-4f82-bdaa-55a544f6e713_g13_generated.jpg
07d20106-16d3-4f82-bdaa-55a544f6e713_g14,automatic-lens-correction\lens-correction-train-cleaned\07d20106-16d3-4f82-bdaa-55a544f6e713_g14_original.jpg,automatic-lens-correction\lens-correction-train-cleaned\07d20106-16d3-4f82-bdaa-55a544f6e713_g14_generated.jpg
07d20106-16d3-4f82-bdaa-55a544f6e713_g15,automatic-lens-correction\lens-correction-train-cleaned\07d20106-16d3-4f82-bdaa-55a544f6e713_g15_original.jpg,automatic-lens-correction\lens-correction-train-cleaned\07d20106-16d3-4f82-bdaa-55a544f6e713_g15_generated.jpg
07d20106-16d3-4f82-bdaa-55a544f6e713_g17,automatic-lens-correction\lens-correction-train-cleaned\07d20106-16d3-4f82-bdaa-55a544f6e713_g17_original.jpg,automatic-lens-correction\lens-correction-train-cleaned\07d20106-16d3-4f82-bdaa-55a544f6e713_g17_generated.jpg
07d20106-16d3-4f82-bdaa-55a544f6e713_g5,automatic-lens-correction\lens-correction-train-cleaned\07d20106-16d3-4f82-bdaa-55a544f6e713_g5_original.jpg,automatic-lens-correction\lens-correction-train-cleaned\07d20106-16d3-4f82-bdaa-55a544f6e713_g5_generated.jpg
07d20106-16d3-4f82-bdaa-55a544f6e713_g6,automatic-lens-correction\lens-correction-train-cleaned\07d20106-16d3-4f82-bdaa-55a544f6e713_g6_original.jpg,automatic-lens-correction\lens-correction-train-cleaned\07d20106-16d3-4f82-bdaa-55a544f6e713_g6_generated.jpg
07e55afa-efe3-492a-8126-ee9afbb9b9f2_g2,automatic-lens-correction\lens-correction-train-cleaned\07e55afa-efe3-492a-8126-ee9afbb9b9f2_g2_original.jpg,automatic-lens-correction\lens-correction-train-cleaned\07e55afa-efe3-492a-8126-ee9afbb9b9f2_g2_generated.jpg
07e55afa-efe3-492a-8126-ee9afbb9b9f2_g9,automatic-lens-correction\lens-correction-train-cleaned\07e55afa-efe3-492a-8126-ee9afbb9b9f2_g9_original.jpg,automatic-lens-correction\lens-correction-train-cleaned\07e55afa-efe3-492a-8126-ee9afbb9b9f2_g9_generated.jpg
09e96f9c-07e6-4905-b08a-d749ab16737f_g0,automatic-lens-correction\lens-correction-train-cleaned\09e96f9c-07e6-4905-b08a-d749ab16737f_g0_original.jpg,automatic-lens-correction\lens-correction-train-cleaned\09e96f9c-07e6-4905-b08a-d749ab16737f_g0_generated.jpg
09e96f9c-07e6-4905-b08a-d749ab16737f_g4,automatic-lens-correction\lens-correction-train-cleaned\09e96f9c-07e6-4905-b08a-d749ab16737f_g4_original.jpg,automatic-lens-correction\lens-correction-train-cleaned\09e96f9c-07e6-4905-b08a-d749ab16737f_g4_generated.jpg
09e96f9c-07e6-4905-b08a-d749ab16737f_g5,automatic-lens-correction\lens-correction-train-cleaned\09e96f9c-07e6-4905-b08a-d749ab16737f_g5_original.jpg,automatic-lens-correction\lens-correction-train-cleaned\09e96f9c-07e6-4905-b08a-d749ab16737f_g5_generated.jpg
09e96f9c-07e6-4905-b08a-d749ab16737f_g7,automatic-lens-correction\lens-correction-train-cleaned\09e96f9c-07e6-4905-b08a-d749ab16737f_g7_original.jpg,automatic-lens-correction\lens-correction-train-cleaned\09e96f9c-07e6-4905-b08a-d749ab16737f_g7_generated.jpg
09e9f9bf-af47-44c0-8317-a8f15b7d102a_g0,automatic-lens-correction\lens-correction-train-cleaned\09e9f9bf-af47-44c0-8317-a8f15b7d102a_g0_original.jpg,automatic-lens-correction\lens-correction-train-cleaned\09e9f9bf-af47-44c0-8317-a8f15b7d102a_g0_generated.jpg
09e9f9bf-af47-44c0-8317-a8f15b7d102a_g1,automatic-lens-correction\lens-correction-train-cleaned\09e9f9bf-af47-44c0-8317-a8f15b7d102a_g1_original.jpg,automatic-lens-correction\lens-correction-train-cleaned\09e9f9bf-af47-44c0-8317-a8f15b7d102a_g1_generated.jpg
09f95822-3b1e-44a8-8761-e244db0fdd52_g2,automatic-lens-correction\lens-correction-train-cleaned\09f95822-3b1e-44a8-8761-e244db0fdd52_g2_original.jpg,automatic-lens-correction\lens-correction-train-cleaned\09f95822-3b1e-44a8-8761-e244db0fdd52_g2_generated.jpg
09f95822-3b1e-44a8-8761-e244db0fdd52_g3,automatic-lens-correction\lens-correction-train-cleaned\09f95822-3b1e-44a8-8761-e244db0fdd52_g3_original.jpg,automatic-lens-correction\lens-correction-train-cleaned\09f95822-3b1e-44a8-8761-e244db0fdd52_g3_generated.jpg
09f95822-3b1e-44a8-8761-e244db0fdd52_g5,automatic-lens-correction\lens-correction-train-cleaned\09f95822-3b1e-44a8-8761-e244db0fdd52_g5_original.jpg,automatic-lens-correction\lens-correction-train-cleaned\09f95822-3b1e-44a8-8761-e244db0fdd52_g5_generated.jpg
09f95822-3b1e-44a8-8761-e244db0fdd52_g7,automatic-lens-correction\lens-correction-train-cleaned\09f95822-3b1e-44a8-8761-e244db0fdd52_g7_original.jpg,automatic-lens-correction\lens-correction-train-cleaned\09f95822-3b1e-44a8-8761-e244db0fdd52_g7_generated.jpg
09f95822-3b1e-44a8-8761-e244db0fdd52_g9,automatic-lens-correction\lens-correction-train-cleaned\09f95822-3b1e-44a8-8761-e244db0fdd52_g9_original.jpg,automatic-lens-correction\lens-correction-train-cleaned\09f95822-3b1e-44a8-8761-e244db0fdd52_g9_generated.jpg
09fdab0b-77a5-4bf9-8e39-8da67d2a4a21_g10,automatic-lens-correction\lens-correction-train-cleaned\09fdab0b-77a5-4bf9-8e39-8da67d2a4a21_g10_original.jpg,automatic-lens-correction\lens-correction-train-cleaned\09fdab0b-77a5-4bf9-8e39-8da67d2a4a21_g10_generated.jpg
09fdab0b-77a5-4bf9-8e39-8da67d2a4a21_g11,automatic-lens-correction\lens-correction-train-cleaned\09fdab0b-77a5-4bf9-8e39-8da67d2a4a21_g11_original.jpg,automatic-lens-correction\lens-correction-train-cleaned\09fdab0b-77a5-4bf9-8e39-8da67d2a4a21_g11_generated.jpg
09fdab0b-77a5-4bf9-8e39-8da67d2a4a21_g4,automatic-lens-correction\lens-correction-train-cleaned\09fdab0b-77a5-4bf9-8e39-8da67d2a4a21_g4_original.jpg,automatic-lens-correction\lens-correction-train-cleaned\09fdab0b-77a5-4bf9-8e39-8da67d2a4a21_g4_generated.jpg
09fdab0b-77a5-4bf9-8e39-8da67d2a4a21_g8,automatic-lens-correction\lens-correction-train-cleaned\09fdab0b-77a5-4bf9-8e39-8da67d2a4a21_g8_original.jpg,automatic-lens-correction\lens-correction-train-cleaned\09fdab0b-77a5-4bf9-8e39-8da67d2a4a21_g8_generated.jpg
09fdab0b-77a5-4bf9-8e39-8da67d2a4a21_g9,automatic-lens-correction\lens-correction-train-cleaned\09fdab0b-77a5-4bf9-8e39-8da67d2a4a21_g9_original.jpg,automatic-lens-correction\lens-correction-train-cleaned\09fdab0b-77a5-4bf9-8e39-8da67d2a4a21_g9_generated.jpg
0a050fd9-13e7-4278-8cc2-87c1f990c0a9_g0,automatic-lens-correction\lens-correction-train-cleaned\0a050fd9-13e7-4278-8cc2-87c1f990c0a9_g0_original.jpg,automatic-lens-correction\lens-correction-train-cleaned\0a050fd9-13e7-4278-8cc2-87c1f990c0a9_g0_generated.jpg
0a05a535-fbdc-4f7d-8d32-a31f6eb23984_g0,automatic-lens-correction\lens-correction-train-cleaned\0a05a535-fbdc-4f7d-8d32-a31f6eb23984_g0_original.jpg,automatic-lens-correction\lens-correction-train-cleaned\0a05a535-fbdc-4f7d-8d32-a31f6eb23984_g0_generated.jpg
0a05a535-fbdc-4f7d-8d32-a31f6eb23984_g1,automatic-lens-correction\lens-correction-train-cleaned\0a05a535-fbdc-4f7d-8d32-a31f6eb23984_g1_original.jpg,automatic-lens-correction\lens-correction-train-cleaned\0a05a535-fbdc-4f7d-8d32-a31f6eb23984_g1_generated.jpg
0a05a535-fbdc-4f7d-8d32-a31f6eb23984_g10,automatic-lens-correction\lens-correction-train-cleaned\0a05a535-fbdc-4f7d-8d32-a31f6eb23984_g10_original.jpg,automatic-lens-correction\lens-correction-train-cleaned\0a05a535-fbdc-4f7d-8d32-a31f6eb23984_g10_generated.jpg
0a05a535-fbdc-4f7d-8d32-a31f6eb23984_g12,automatic-lens-correction\lens-correction-train-cleaned\0a05a535-fbdc-4f7d-8d32-a31f6eb23984_g12_original.jpg,automatic-lens-correction\lens-correction-train-cleaned\0a05a535-fbdc-4f7d-8d32-a31f6eb23984_g12_generated.jpg
0a05a535-fbdc-4f7d-8d32-a31f6eb23984_g14,automatic-lens-correction\lens-correction-train-cleaned\0a05a535-fbdc-4f7d-8d32-a31f6eb23984_g14_original.jpg,automatic-lens-correction\lens-correction-train-cleaned\0a05a535-fbdc-4f7d-8d32-a31f6eb23984_g14_generated.jpg
0a05a535-fbdc-4f7d-8d32-a31f6eb23984_g15,automatic-lens-correction\lens-correction-train-cleaned\0a05a535-fbdc-4f7d-8d32-a31f6eb23984_g15_original.jpg,automatic-lens-correction\lens-correction-train-cleaned\0a05a535-fbdc-4f7d-8d32-a31f6eb23984_g15_generated.jpg
0a05a535-fbdc-4f7d-8d32-a31f6eb23984_g4,automatic-lens-correction\lens-correction-train-cleaned\0a05a535-fbdc-4f7d-8d32-a31f6eb23984_g4_original.jpg,automatic-lens-correction\lens-correction-train-cleaned\0a05a535-fbdc-4f7d-8d32-a31f6eb23984_g4_generated.jpg
0a05a535-fbdc-4f7d-8d32-a31f6eb23984_g7,automatic-lens-correction\lens-correction-train-cleaned\0a05a535-fbdc-4f7d-8d32-a31f6eb23984_g7_original.jpg,automatic-lens-correction\lens-correction-train-cleaned\0a05a535-fbdc-4f7d-8d32-a31f6eb23984_g7_generated.jpg
